timestamp,branch,step,agent_type,agent_id,input_tokens,output_tokens,cache_creation_input_tokens,cache_read_input_tokens,total_tokens
2026-07-10T17:30:07.603281+00:00,task/issue-114-1c523dc44d8c487c82befa55834344cf-tests-automatisierbar-machen,translate-requirements,general-purpose,a7167eaf922ab9233,16180,12922,98578,1631114,1758794
2026-07-10T17:33:37.434898+00:00,task/issue-114-1c523dc44d8c487c82befa55834344cf-tests-automatisierbar-machen,translate-requirements,general-purpose,afc5637ce98eaa92c,16208,15800,111780,1988182,2131970
2026-07-10T17:37:46.871118+00:00,task/issue-114-1c523dc44d8c487c82befa55834344cf-tests-automatisierbar-machen,translate-requirements,general-purpose,a1c0d2778a8f63a0d,16236,20014,124546,2423658,2584454
2026-07-10T18:03:59.204795+00:00,task/issue-114-1c523dc44d8c487c82befa55834344cf-tests-automatisierbar-machen,translate-requirements,general-purpose,a350c7f49befc6a5c,17190,43050,203518,5023880,5287638
2026-07-10T18:06:13.945764+00:00,task/issue-114-1c523dc44d8c487c82befa55834344cf-tests-automatisierbar-machen,translate-requirements,general-purpose,a041e07173fa6a990,18438,56636,248912,8416958,8740944
2026-07-10T18:08:36.935382+00:00,task/issue-114-1c523dc44d8c487c82befa55834344cf-tests-automatisierbar-machen,translate-requirements,general-purpose,a2ff945e0f49ed1eb,23278,60200,258616,9007472,9349566
2026-07-10T18:21:11.537208+00:00,task/issue-114-1c523dc44d8c487c82befa55834344cf-tests-automatisierbar-machen,translate-requirements,general-purpose,af798293d5d0bb10a,23294,63946,275786,9573992,9937018
2026-07-10T18:42:24.641025+00:00,task/issue-114-1c523dc44d8c487c82befa55834344cf-tests-automatisierbar-machen,translate-requirements,general-purpose,aab5760261b8d2d1b,23962,118628,359554,12995692,13497836
2026-07-10T20:17:18.629240+00:00,task/issue-114-1c523dc44d8c487c82befa55834344cf-tests-automatisierbar-machen,orchestrator,-,-,34070,126238,1060718,14533566,15754592
2026-07-10T20:17:20.439401+00:00,task/issue-114-1c523dc44d8c487c82befa55834344cf-tests-automatisierbar-machen,translate-requirements,-,a59789eec9cabc8f8,34070,126238,1060718,14533566,15754592
2026-07-10T20:19:07.984935+00:00,task/issue-114-1c523dc44d8c487c82befa55834344cf-tests-automatisierbar-machen,translate-requirements,general-purpose,aab5760261b8d2d1b,34070,126238,1060718,14533566,15754592
2026-07-10T20:19:14.920024+00:00,task/issue-114-1c523dc44d8c487c82befa55834344cf-tests-automatisierbar-machen,orchestrator,-,-,34078,127314,1071110,14997106,16229608
2026-07-10T20:19:17.192299+00:00,task/issue-114-1c523dc44d8c487c82befa55834344cf-tests-automatisierbar-machen,translate-requirements,-,a1acbd9d26888c883,34078,127314,1071110,14997106,16229608
2026-07-10T20:22:01.834140+00:00,task/issue-114-1c523dc44d8c487c82befa55834344cf-tests-automatisierbar-machen,orchestrator,-,-,34758,149576,1108690,21079682,22372706
2026-07-10T20:22:04.003457+00:00,task/issue-114-1c523dc44d8c487c82befa55834344cf-tests-automatisierbar-machen,translate-requirements,-,a1d4ad207618673de,34758,149576,1108690,21079682,22372706
2026-07-10T20:26:12.037569+00:00,task/issue-114-1c523dc44d8c487c82befa55834344cf-tests-automatisierbar-machen,translate-requirements,general-purpose,aab5760261b8d2d1b,34758,149576,1108690,21079682,22372706
2026-07-10T20:26:49.416486+00:00,task/issue-114-1c523dc44d8c487c82befa55834344cf-tests-automatisierbar-machen,orchestrator,-,-,35656,156248,1150398,22861532,24203834
2026-07-10T20:26:51.604207+00:00,task/issue-114-1c523dc44d8c487c82befa55834344cf-tests-automatisierbar-machen,translate-requirements,-,aae18632b48cb52bc,35656,156248,1150398,22861532,24203834
2026-07-10T20:38:53.870145+00:00,task/issue-114-1c523dc44d8c487c82befa55834344cf-tests-automatisierbar-machen,translate-requirements,general-purpose,a4e41085180d3ad73,36300,191054,1237034,27348926,28813314
2026-07-10T20:42:59.012078+00:00,task/issue-114-1c523dc44d8c487c82befa55834344cf-tests-automatisierbar-machen,translate-requirements,general-purpose,aa199a3c9cd8ac222,36316,209454,1249872,28382952,29878594
2026-07-10T20:43:23.320153+00:00,task/issue-114-1c523dc44d8c487c82befa55834344cf-tests-automatisierbar-machen,orchestrator,-,-,36924,212888,1266526,30465266,31981604
2026-07-10T20:43:25.507126+00:00,task/issue-114-1c523dc44d8c487c82befa55834344cf-tests-automatisierbar-machen,translate-requirements,-,a653d5503c6a40103,36924,212888,1266526,30465266,31981604
2026-07-10T20:48:25.017459+00:00,task/issue-114-1c523dc44d8c487c82befa55834344cf-tests-automatisierbar-machen,translate-requirements,general-purpose,aa199a3c9cd8ac222,37278,241486,1309302,35601190,37189256
2026-07-10T20:48:51.628960+00:00,task/issue-114-1c523dc44d8c487c82befa55834344cf-tests-automatisierbar-machen,orchestrator,-,-,40910,247560,1351436,39021852,40661758
2026-07-10T20:48:54.198712+00:00,task/issue-114-1c523dc44d8c487c82befa55834344cf-tests-automatisierbar-machen,translate-requirements,-,a00914266c0653177,40910,247560,1351436,39021852,40661758
2026-07-11T07:30:23.023631+00:00,task/issue-114-1c523dc44d8c487c82befa55834344cf-tests-automatisierbar-machen,translate-requirements,general-purpose,ae8b461db0b130d35,68582,492238,2765982,97628126,100954928
2026-07-11T07:38:23.112732+00:00,task/issue-114-1c523dc44d8c487c82befa55834344cf-tests-automatisierbar-machen,translate-requirements,general-purpose,a29e642c94dd910c1,70510,574410,2895756,124142588,127683264
2026-07-11T07:39:05.001323+00:00,task/issue-114-1c523dc44d8c487c82befa55834344cf-tests-automatisierbar-machen,translate-requirements,general-purpose,a6c4a95d78f9d8d1a,82954,578154,2905706,125452944,129019758
2026-07-11T07:43:38.715379+00:00,task/issue-114-1c523dc44d8c487c82befa55834344cf-tests-automatisierbar-machen,orchestrator,-,-,83630,622510,3006328,137945502,141657970
2026-07-11T07:43:41.112091+00:00,task/issue-114-1c523dc44d8c487c82befa55834344cf-tests-automatisierbar-machen,translate-requirements,-,aaf652aff4c23b8ce,83630,622510,3006328,137945502,141657970
2026-07-11T08:04:53.822050+00:00,task/issue-114-1c523dc44d8c487c82befa55834344cf-tests-automatisierbar-machen,translate-requirements,claude,a80e345a9b1bdde2e,83630,622510,3006328,137945502,141657970
2026-07-11T08:13:12.576616+00:00,task/issue-114-1c523dc44d8c487c82befa55834344cf-tests-automatisierbar-machen,translate-requirements,claude,ab7de856d065f191c,83630,622510,3006328,137945502,141657970
2026-07-11T08:34:30.236235+00:00,task/issue-114-1c523dc44d8c487c82befa55834344cf-tests-automatisierbar-machen,translate-requirements,claude,a07bc0ccc3322df41,83630,622510,3006328,137945502,141657970
2026-07-11T08:58:07.326289+00:00,task/issue-114-1c523dc44d8c487c82befa55834344cf-tests-automatisierbar-machen,translate-requirements,general-purpose,a7fc79bb885b5726f,83630,622510,3006328,137945502,141657970
2026-07-11T08:58:49.858138+00:00,task/issue-114-1c523dc44d8c487c82befa55834344cf-tests-automatisierbar-machen,orchestrator,-,-,107616,630614,4858958,142712558,148309746
2026-07-11T08:58:52.740216+00:00,task/issue-114-1c523dc44d8c487c82befa55834344cf-tests-automatisierbar-machen,translate-requirements,-,aa81e5e02b213a483,107616,630614,4858958,142712558,148309746
2026-07-11T09:09:23.449297+00:00,task/issue-114-1c523dc44d8c487c82befa55834344cf-tests-automatisierbar-machen,translate-requirements,Explore,a8605e455a0b8126d,107624,639238,4859434,144068182,149674478
2026-07-11T11:45:17.181763+00:00,task/issue-114-1c523dc44d8c487c82befa55834344cf-tests-automatisierbar-machen,orchestrator,-,-,112260,923460,7771414,256434278,265241412
2026-07-11T11:45:19.887407+00:00,task/issue-114-1c523dc44d8c487c82befa55834344cf-tests-automatisierbar-machen,translate-requirements,-,a8374e032a8d3bb39,112260,923460,7771414,256434278,265241412
2026-07-11T12:42:57.151408+00:00,task/issue-114-1c523dc44d8c487c82befa55834344cf-tests-automatisierbar-machen,orchestrator,-,-,113040,1236144,10137384,466304464,477791032
2026-07-11T12:43:00.482383+00:00,task/issue-114-1c523dc44d8c487c82befa55834344cf-tests-automatisierbar-machen,translate-requirements,-,a6183550c671de52a,113040,1236144,10137384,466304464,477791032
2026-07-11T13:08:54.845518+00:00,task/issue-114-1c523dc44d8c487c82befa55834344cf-tests-automatisierbar-machen,orchestrator,-,-,113244,1345308,10288188,531751100,543497840
2026-07-11T13:08:58.979071+00:00,task/issue-114-1c523dc44d8c487c82befa55834344cf-tests-automatisierbar-machen,translate-requirements,-,a164ccea0aa94fd81,113244,1345308,10288188,531751100,543497840
2026-07-11T13:40:21.034480+00:00,task/issue-114-1c523dc44d8c487c82befa55834344cf-tests-automatisierbar-machen,orchestrator,-,-,113476,1443102,10451346,611074604,623082528
2026-07-11T13:40:24.017604+00:00,task/issue-114-1c523dc44d8c487c82befa55834344cf-tests-automatisierbar-machen,translate-requirements,-,a9a5f69b5ac6ea349,113476,1443102,10451346,611074604,623082528
2026-07-11T13:50:42.916070+00:00,task/issue-114-1c523dc44d8c487c82befa55834344cf-tests-automatisierbar-machen,translate-requirements,Explore,a5f2334c6c8946595,113484,1448126,13152882,611198996,625913488
2026-07-11T13:59:38.918191+00:00,task/issue-114-1c523dc44d8c487c82befa55834344cf-tests-automatisierbar-machen,orchestrator,-,-,113680,1535444,13339796,681539596,696528516
2026-07-11T13:59:43.478914+00:00,task/issue-114-1c523dc44d8c487c82befa55834344cf-tests-automatisierbar-machen,translate-requirements,-,a0fb73c750b81af46,113680,1535444,13339796,681539596,696528516
2026-07-11T14:09:37.634981+00:00,task/issue-114-1c523dc44d8c487c82befa55834344cf-tests-automatisierbar-machen,orchestrator,-,-,113752,1552552,16251074,705791050,723708428
2026-07-11T14:09:42.120971+00:00,task/issue-114-1c523dc44d8c487c82befa55834344cf-tests-automatisierbar-machen,translate-requirements,-,a6c748241cab392a8,113752,1552552,16251074,705791050,723708428
2026-07-11T14:33:37.388706+00:00,task/issue-114-1c523dc44d8c487c82befa55834344cf-tests-automatisierbar-machen,orchestrator,-,-,113960,1616710,16457564,787349360,805537594
2026-07-11T14:33:46.253621+00:00,task/issue-114-1c523dc44d8c487c82befa55834344cf-tests-automatisierbar-machen,translate-requirements,-,abfbc445b091006a7,113960,1616710,16457564,787349360,805537594
2026-07-11T14:52:03.649260+00:00,task/issue-114-1c523dc44d8c487c82befa55834344cf-tests-automatisierbar-machen,orchestrator,-,-,114216,1699276,16619550,892669898,911102940
2026-07-11T14:52:07.263925+00:00,task/issue-114-1c523dc44d8c487c82befa55834344cf-tests-automatisierbar-machen,translate-requirements,-,a336d78e620e38186,114216,1699276,16619550,892669898,911102940
2026-07-11T16:44:31.202807+00:00,task/issue-114-1c523dc44d8c487c82befa55834344cf-tests-automatisierbar-machen,orchestrator,-,-,114344,1737008,23197328,940489514,965538194
2026-07-11T16:44:35.740276+00:00,task/issue-114-1c523dc44d8c487c82befa55834344cf-tests-automatisierbar-machen,translate-requirements,-,a9193872de0ee3226,114344,1737008,23197328,940489514,965538194
2026-07-11T16:45:40.416808+00:00,task/issue-114-1c523dc44d8c487c82befa55834344cf-tests-automatisierbar-machen,orchestrator,-,-,114352,1739756,23197408,943917838,968969354
2026-07-11T16:45:43.942880+00:00,task/issue-114-1c523dc44d8c487c82befa55834344cf-tests-automatisierbar-machen,translate-requirements,-,a3b0ad46b0e4480ef,114352,1739756,23197408,943917838,968969354
2026-07-11T16:46:29.585709+00:00,task/issue-114-1c523dc44d8c487c82befa55834344cf-tests-automatisierbar-machen,orchestrator,-,-,114360,1743872,23197520,947348990,972404742
2026-07-11T16:46:36.270154+00:00,task/issue-114-1c523dc44d8c487c82befa55834344cf-tests-automatisierbar-machen,translate-requirements,-,a0cd9272e4e1042fd,114360,1743872,23197520,947348990,972404742
2026-07-11T16:53:15.916005+00:00,task/issue-114-1c523dc44d8c487c82befa55834344cf-tests-automatisierbar-machen,orchestrator,-,-,114388,1747786,23201798,959374476,984438448
2026-07-11T16:53:20.293448+00:00,task/issue-114-1c523dc44d8c487c82befa55834344cf-tests-automatisierbar-machen,translate-requirements,-,a4ba5e8a4a73cccf3,114388,1747786,23201798,959374476,984438448
2026-07-11T17:16:45.392156+00:00,task/issue-122-1b5133aa64404dc39081a16a694e2e73-zeitgesteuerter-prompt,translate-requirements,general-purpose,ade652c9b65e6a37d,50,9740,119266,1199538,1328594
2026-07-11T17:18:39.644192+00:00,task/issue-122-1b5133aa64404dc39081a16a694e2e73-zeitgesteuerter-prompt,translate-requirements,general-purpose,a73a2030e3265e3eb,82,14008,135086,1689464,1838640
2026-07-11T17:24:49.730050+00:00,task/issue-122-1b5133aa64404dc39081a16a694e2e73-zeitgesteuerter-prompt,translate-requirements,general-purpose,aed548e57e7853b3e,110,17780,141994,2138866,2298750
2026-07-11T17:33:25.450199+00:00,task/issue-122-1b5133aa64404dc39081a16a694e2e73-zeitgesteuerter-prompt,translate-requirements,general-purpose,aba29fb2ccdda99ba,142,28854,189102,3093170,3311268
2026-07-11T18:06:38.369943+00:00,task/issue-122-1b5133aa64404dc39081a16a694e2e73-zeitgesteuerter-prompt,translate-requirements,general-purpose,aba364520f7af86eb,222,44194,218506,5647190,5910112
2026-07-11T18:10:43.345624+00:00,task/issue-122-1b5133aa64404dc39081a16a694e2e73-zeitgesteuerter-prompt,translate-requirements,general-purpose,a77ba2e9703e69dc0,246,54214,233110,7139964,7427534
2026-07-11T18:11:46.954456+00:00,task/issue-122-1b5133aa64404dc39081a16a694e2e73-zeitgesteuerter-prompt,translate-requirements,general-purpose,ad5e63e34d9fe597c,250,56432,240592,7350254,7647528
2026-07-11T18:17:33.722248+00:00,task/issue-122-1b5133aa64404dc39081a16a694e2e73-zeitgesteuerter-prompt,translate-requirements,general-purpose,aef16e09c448a1b29,266,61162,261204,7906416,8229048
2026-07-12T11:00:07.329521+00:00,task/issue-122-1b5133aa64404dc39081a16a694e2e73-zeitgesteuerter-prompt,translate-requirements,general-purpose,a231b850fc718fbac,454,103762,630130,15484900,16219246
2026-07-12T11:06:13.188418+00:00,task/issue-122-1b5133aa64404dc39081a16a694e2e73-zeitgesteuerter-prompt,translate-requirements,general-purpose,a76aa0a3c5533b3b1,464,107798,652566,16060276,16821104
2026-07-12T11:14:17.742111+00:00,task/issue-122-1b5133aa64404dc39081a16a694e2e73-zeitgesteuerter-prompt,translate-requirements,general-purpose,a8a30f080e345521d,504,118284,667230,17481826,18267844
2026-07-12T11:20:31.939088+00:00,task/issue-122-1b5133aa64404dc39081a16a694e2e73-zeitgesteuerter-prompt,translate-requirements,general-purpose,ab72af04850a2d066,548,133184,710084,20073106,20916922
2026-07-12T11:21:10.847770+00:00,task/issue-122-1b5133aa64404dc39081a16a694e2e73-zeitgesteuerter-prompt,translate-requirements,general-purpose,aafe39d1d4f1b0c46,564,134152,715594,20194290,21044600
2026-07-12T11:25:55.388456+00:00,task/issue-122-1b5133aa64404dc39081a16a694e2e73-zeitgesteuerter-prompt,translate-requirements,general-purpose,a10d7857ef4058496,4746,153442,765440,23004154,23927782
2026-07-12T11:28:49.019094+00:00,task/issue-122-1b5133aa64404dc39081a16a694e2e73-zeitgesteuerter-prompt,translate-requirements,general-purpose,a59e223dd850a5b48,4782,158628,777998,24465272,25406680
2026-07-12T11:29:57.184220+00:00,task/issue-122-1b5133aa64404dc39081a16a694e2e73-zeitgesteuerter-prompt,orchestrator,-,-,4890,178814,846310,30833792,31863806
2026-07-12T11:30:00.615713+00:00,task/issue-122-1b5133aa64404dc39081a16a694e2e73-zeitgesteuerter-prompt,translate-requirements,-,abfb687a5349ab195,4890,178814,846310,30833792,31863806
2026-07-12T11:34:33.218172+00:00,task/issue-122-1b5133aa64404dc39081a16a694e2e73-zeitgesteuerter-prompt,translate-requirements,claude,aa992542357fef075,4890,178814,846310,30833792,31863806
2026-07-12T11:38:41.249665+00:00,task/issue-122-1b5133aa64404dc39081a16a694e2e73-zeitgesteuerter-prompt,translate-requirements,claude,a203883ee76729d2f,4890,178814,846310,30833792,31863806
2026-07-12T11:45:30.859240+00:00,task/issue-122-1b5133aa64404dc39081a16a694e2e73-zeitgesteuerter-prompt,translate-requirements,claude,af5101fafad1a71fb,4890,178814,846310,30833792,31863806
2026-07-12T11:47:30.067397+00:00,task/issue-122-1b5133aa64404dc39081a16a694e2e73-zeitgesteuerter-prompt,translate-requirements,general-purpose,aeda752db77e33faf,4890,178814,846310,30833792,31863806
2026-07-12T11:49:25.423430+00:00,task/issue-122-1b5133aa64404dc39081a16a694e2e73-zeitgesteuerter-prompt,orchestrator,-,-,4946,227904,917100,35027022,36176972
2026-07-12T05:01:46.767400+00:00,e2e-korrektur,orchestrator,-,-,200,104036,510044,7824536,8438816
2026-07-12T05:19:53.445843+00:00,e2e-korrektur,orchestrator,-,-,576,381964,940918,39227840,40551298
2026-07-12T05:28:40.676700+00:00,e2e-korrektur,orchestrator,-,-,624,426156,1703068,43762980,45892828
2026-07-12T05:47:08.899538+00:00,e2e-korrektur,orchestrator,-,-,824,557232,1858096,68508758,70924910
2026-07-12T06:08:09.370096+00:00,e2e-korrektur,orchestrator,-,-,1200,883122,2460558,130051304,133396184
2026-07-12T06:13:19.548223+00:00,e2e-korrektur,orchestrator,-,-,1204,883364,2463036,130876994,134224598
2026-07-12T06:43:02.747639+00:00,e2e-korrektur,orchestrator,-,-,1932,1155122,3052532,310175016,314384602
2026-07-12T07:12:07.160590+00:00,e2e-korrektur,orchestrator,-,-,2272,1356666,5546194,413224558,420129690
2026-07-12T14:59:57.530512+00:00,task/issue-122-1b5133aa64404dc39081a16a694e2e73-zeitgesteuerter-prompt,translate-requirements,general-purpose,aeb90326c04c616c7,5094,261284,1037496,46482152,47786026
2026-07-12T15:26:39.182013+00:00,task/issue-122-1b5133aa64404dc39081a16a694e2e73-zeitgesteuerter-prompt,orchestrator,-,-,5434,389962,2280530,83857570,86533496
2026-07-12T15:26:41.434700+00:00,task/issue-122-1b5133aa64404dc39081a16a694e2e73-zeitgesteuerter-prompt,translate-requirements,-,a4f7b9e8057ab5098,5434,389962,2280530,83857570,86533496
2026-07-12T15:31:28.438539+00:00,task/issue-122-1b5133aa64404dc39081a16a694e2e73-zeitgesteuerter-prompt,translate-requirements,general-purpose,aeb90326c04c616c7,5434,389962,2280530,83857570,86533496
2026-07-12T15:32:49.813157+00:00,task/issue-122-1b5133aa64404dc39081a16a694e2e73-zeitgesteuerter-prompt,orchestrator,-,-,5486,413688,3655570,89217036,93291780
2026-07-12T15:32:52.656314+00:00,task/issue-122-1b5133aa64404dc39081a16a694e2e73-zeitgesteuerter-prompt,translate-requirements,-,a13b43e0b2b1424e1,5486,413688,3655570,89217036,93291780
2026-07-12T15:52:26.649202+00:00,task/issue-122-1b5133aa64404dc39081a16a694e2e73-zeitgesteuerter-prompt,orchestrator,-,-,5622,463926,3828574,108500680,112798802
2026-07-12T15:52:29.111945+00:00,task/issue-122-1b5133aa64404dc39081a16a694e2e73-zeitgesteuerter-prompt,translate-requirements,-,add07e2171cf32fe6,5622,463926,3828574,108500680,112798802
2026-07-12T15:59:36.971434+00:00,task/issue-122-1b5133aa64404dc39081a16a694e2e73-zeitgesteuerter-prompt,orchestrator,-,-,5662,472550,3843534,114536124,118857870
2026-07-12T15:59:39.999393+00:00,task/issue-122-1b5133aa64404dc39081a16a694e2e73-zeitgesteuerter-prompt,translate-requirements,-,aecc7b77558228098,5662,472550,3843534,114536124,118857870
2026-07-12T16:08:02.001929+00:00,task/issue-122-1b5133aa64404dc39081a16a694e2e73-zeitgesteuerter-prompt,orchestrator,-,-,5686,477930,3847934,118194976,122526526
2026-07-14T15:53:35.647465+00:00,task/6770ad62e0d6455c919d5ecc54be1f1a-dateiexplorer,translate-requirements,general-purpose,aacf8b0a14779c13c,246,14392,145048,1478208,1637894
2026-07-14T15:57:07.694935+00:00,task/6770ad62e0d6455c919d5ecc54be1f1a-dateiexplorer,translate-requirements,general-purpose,abe13fb44469c54cb,282,18446,162508,2085818,2267054
2026-07-14T16:05:55.391201+00:00,task/6770ad62e0d6455c919d5ecc54be1f1a-dateiexplorer,translate-requirements,general-purpose,a13ecd89b054bc0a9,318,22878,175810,2804412,3003418
2026-07-14T16:21:26.288182+00:00,task/6770ad62e0d6455c919d5ecc54be1f1a-dateiexplorer,translate-requirements,general-purpose,a46dfc798e268f20e,366,40956,200032,4384676,4626030
2026-07-14T16:45:30.313954+00:00,task/6770ad62e0d6455c919d5ecc54be1f1a-dateiexplorer,translate-requirements,general-purpose,a3af6cd1966131201,430,54602,235078,6618394,6908504
2026-07-14T16:49:18.559627+00:00,task/6770ad62e0d6455c919d5ecc54be1f1a-dateiexplorer,translate-requirements,general-purpose,a7fd5a6fde43c2f4e,478,66742,279022,8965904,9312146
2026-07-14T16:54:17.687731+00:00,task/6770ad62e0d6455c919d5ecc54be1f1a-dateiexplorer,translate-requirements,general-purpose,a55a25aa76ba3b021,494,70970,294050,9601518,9967032
2026-07-14T17:04:21.692749+00:00,task/6770ad62e0d6455c919d5ecc54be1f1a-dateiexplorer,translate-requirements,general-purpose,aae20cb7265469cc2,512,77514,311678,10483836,10873540
2026-07-14T17:31:02.518509+00:00,task/6770ad62e0d6455c919d5ecc54be1f1a-dateiexplorer,translate-requirements,general-purpose,adaf3fcc891ad3d5a,604,109092,381024,14004012,14494732
2026-07-14T19:26:22.732393+00:00,task/6770ad62e0d6455c919d5ecc54be1f1a-dateiexplorer,translate-requirements,general-purpose,a41d87caf0a07f03d,684,125948,768542,18073136,18968310
2026-07-14T19:38:02.402916+00:00,task/6770ad62e0d6455c919d5ecc54be1f1a-dateiexplorer,translate-requirements,general-purpose,a18eba3cc7e366a7b,716,133034,805024,19805050,20743824
2026-07-14T19:45:12.577176+00:00,task/6770ad62e0d6455c919d5ecc54be1f1a-dateiexplorer,translate-requirements,general-purpose,a1f23999eb0d23978,792,160600,852148,23481080,24494620
2026-07-14T19:47:58.287983+00:00,task/6770ad62e0d6455c919d5ecc54be1f1a-dateiexplorer,translate-requirements,general-purpose,ac5e42324dd728ac9,828,165638,863852,24887150,25917468
2026-07-14T19:50:04.554280+00:00,task/6770ad62e0d6455c919d5ecc54be1f1a-dateiexplorer,orchestrator,-,-,960,198890,973778,33059078,34232706
2026-07-14T19:50:12.658265+00:00,task/6770ad62e0d6455c919d5ecc54be1f1a-dateiexplorer,translate-requirements,-,a44f5f24bd57df60d,960,198890,973778,33059078,34232706
2026-07-14T19:51:23.514989+00:00,task/6770ad62e0d6455c919d5ecc54be1f1a-dateiexplorer,translate-requirements,general-purpose,a89f916999dfc2129,960,198890,973778,33059078,34232706
2026-07-14T20:08:02.020199+00:00,task/6770ad62e0d6455c919d5ecc54be1f1a-dateiexplorer,translate-requirements,general-purpose,a01b35c6cf571b2fb,960,198890,973778,33059078,34232706
2026-07-14T20:09:27.974013+00:00,task/6770ad62e0d6455c919d5ecc54be1f1a-dateiexplorer,translate-requirements,general-purpose,a89f916999dfc2129,960,198890,973778,33059078,34232706
2026-07-14T20:14:09.917387+00:00,task/6770ad62e0d6455c919d5ecc54be1f1a-dateiexplorer,translate-requirements,general-purpose,a834bb2cfd352fcbb,960,198890,973778,33059078,34232706
2026-07-14T20:14:51.552286+00:00,task/6770ad62e0d6455c919d5ecc54be1f1a-dateiexplorer,translate-requirements,general-purpose,a89f916999dfc2129,960,198890,973778,33059078,34232706
2026-07-14T20:27:29.779653+00:00,task/6770ad62e0d6455c919d5ecc54be1f1a-dateiexplorer,translate-requirements,general-purpose,a9c3aa05d7a80b737,960,198890,973778,33059078,34232706
2026-07-14T20:45:57.044906+00:00,task/6770ad62e0d6455c919d5ecc54be1f1a-dateiexplorer,translate-requirements,general-purpose,a89f916999dfc2129,960,198890,973778,33059078,34232706
2026-07-14T21:01:04.626112+00:00,task/6770ad62e0d6455c919d5ecc54be1f1a-dateiexplorer,translate-requirements,general-purpose,a7d1dd31270d79f1f,960,198890,973778,33059078,34232706
2026-07-14T21:01:58.137405+00:00,task/6770ad62e0d6455c919d5ecc54be1f1a-dateiexplorer,translate-requirements,general-purpose,a89f916999dfc2129,960,198890,973778,33059078,34232706
2026-07-14T21:13:05.985517+00:00,task/6770ad62e0d6455c919d5ecc54be1f1a-dateiexplorer,translate-requirements,general-purpose,a048e54b667b47f54,960,198890,973778,33059078,34232706
2026-07-14T21:13:28.285442+00:00,task/6770ad62e0d6455c919d5ecc54be1f1a-dateiexplorer,translate-requirements,general-purpose,a89f916999dfc2129,960,198890,973778,33059078,34232706
2026-07-14T21:41:45.011849+00:00,task/6770ad62e0d6455c919d5ecc54be1f1a-dateiexplorer,translate-requirements,general-purpose,afc4cb9ea062a9f4a,960,198890,973778,33059078,34232706
2026-07-14T21:45:50.706134+00:00,task/6770ad62e0d6455c919d5ecc54be1f1a-dateiexplorer,translate-requirements,general-purpose,a89f916999dfc2129,960,198890,973778,33059078,34232706
2026-07-15T04:38:47.138082+00:00,task/6770ad62e0d6455c919d5ecc54be1f1a-dateiexplorer,translate-requirements,-,a15549bc7306be040,972,210506,1769420,33207950,35188848
2026-07-15T05:35:29.503387+00:00,task/6770ad62e0d6455c919d5ecc54be1f1a-dateiexplorer,orchestrator,-,-,992,229456,1958162,33684516,35873126
2026-07-15T05:35:32.260105+00:00,task/6770ad62e0d6455c919d5ecc54be1f1a-dateiexplorer,translate-requirements,-,a6f36b3531c4cd69b,992,229456,1958162,33684516,35873126
2026-07-15T05:50:42.099171+00:00,task/6770ad62e0d6455c919d5ecc54be1f1a-dateiexplorer,translate-requirements,general-purpose,ad71d64a852719d32,992,229456,1958162,33684516,35873126
2026-07-15T05:52:20.177591+00:00,task/6770ad62e0d6455c919d5ecc54be1f1a-dateiexplorer,orchestrator,-,-,1076,248248,2134662,37258268,39642254
2026-07-15T05:55:33.802791+00:00,task/6770ad62e0d6455c919d5ecc54be1f1a-dateiexplorer,translate-requirements,general-purpose,ab84e0217dda97962,1076,248248,2134662,37258268,39642254
2026-07-15T05:55:44.147442+00:00,task/6770ad62e0d6455c919d5ecc54be1f1a-dateiexplorer,orchestrator,-,-,1084,250296,2141434,37645380,40038194
2026-07-15T06:03:50.616403+00:00,task/6770ad62e0d6455c919d5ecc54be1f1a-dateiexplorer,translate-requirements,claude,af6056207721e10ca,1084,250296,2141434,37645380,40038194
2026-07-15T06:04:56.559541+00:00,task/6770ad62e0d6455c919d5ecc54be1f1a-dateiexplorer,orchestrator,-,-,1124,277678,2181588,39688362,42148752
